match.id,series.id,end.time,duration..s.,mode,map,team,player,win.,score,kills,deaths,X...,k.d,kills.per.10min,deaths.per.10min,player.score,player.spm,damage.dealt,ekia,assists,headshots,suicides,team.kills,team.deaths,kills..stayed.alive.,hits,shots,accuracy....,num.lives,time.alive..s.,avg.time.per.life..s.,fave.specialist,fave.scorestreaks,hill.time..s.,hill.captures,hill.defends,snd.rounds,snd.firstbloods,snd.firstdeaths,snd.survives,bomb.pickups,bomb.plants,bomb.defuses,bomb.sneak.defuses,snd.1.kill.round,snd.2.kill.round,snd.3.kill.round,snd.4.kill.round,ctrl.rounds,ctrl.firstbloods,ctrl.firstdeaths,ctrl.captures,X2.piece,X3.piece,X4.piece,X4.streak,X5.streak,X6.streak,X7.streak,X8..streak
0.00E+00,pool-B-5,2019-05-03 16:22:38 UTC,681,Hardpoint,Frequency,Splyce,Loony,W,250,29,21,8,1.38,,,2400,,2831,,0,,,,,,,,,,,,,,,,,0,0,0,,,,,,,,,,0,,,,,,,,,,,
0.00E+00,pool-B-5,2019-05-03 16:22:38 UTC,681,Hardpoint,Frequency,Splyce,Temp,W,250,28,21,7,1.33,,,1200,,1487,,0,,,,,,,,,,,,,,,,,0,0,0,,,,,,,,,,0,,,,,,,,,,,
0.00E+00,pool-B-5,2019-05-03 16:22:38 UTC,681,Hardpoint,Frequency,Splyce,Jurd,W,250,29,23,6,1.26,,,1650,,2306,,0,,,,,,,,,,,,,,,,,0,0,0,,,,,,,,,,0,,,,,,,,,,,
0.00E+00,pool-B-5,2019-05-03 16:22:38 UTC,681,Hardpoint,Frequency,Splyce,Accuracy,W,250,23,24,-1,0.96,,,835,,1136,,0,,,,,,,,,,,,,,,,,0,0,0,,,,,,,,,,0,,,,,,,,,,,
0.00E+00,pool-B-5,2019-05-03 16:22:38 UTC,681,Hardpoint,Frequency,Splyce,Aqua,W,250,19,22,-3,0.86,,,1300,,1723,,0,,,,,,,,,,,,,,,,,0,0,0,,,,,,,,,,0,,,,,,,,,,,
0.00E+00,pool-B-5,2019-05-03 16:22:38 UTC,681,Hardpoint,Frequency,Denial,Brack,L,115,26,23,3,1.13,,,3925,,5822,,0,,,,,,,,,,,,,,,,,0,0,0,,,,,,,,,,0,,,,,,,,,,,
0.00E+00,pool-B-5,2019-05-03 16:22:38 UTC,681,Hardpoint,Frequency,Denial,Bance,L,115,27,25,2,1.08,,,3745,,4437,,0,,,,,,,,,,,,,,,,,0,0,0,,,,,,,,,,0,,,,,,,,,,,
0.00E+00,pool-B-5,2019-05-03 16:22:38 UTC,681,Hardpoint,Frequency,Denial,Joee,L,115,27,25,2,1.08,,,3340,,4752,,0,,,,,,,,,,,,,,,,,0,0,0,,,,,,,,,,0,,,,,,,,,,,
0.00E+00,pool-B-5,2019-05-03 16:22:38 UTC,681,Hardpoint,Frequency,Denial,Rated,L,115,18,26,-8,0.69,,,3075,,4627,,0,,,,,,,,,,,,,,,,,0,0,0,,,,,,,,,,0,,,,,,,,,,,
0.00E+00,pool-B-5,2019-05-03 16:22:38 UTC,681,Hardpoint,Frequency,Denial,Alex,L,115,13,31,-18,0.42,,,1730,,3281,,0,,,,,,,,,,,,,,,,,0,0,0,,,,,,,,,,0,,,,,,,,,,,
1.00E+00,pool-B-5,2019-05-03 16:22:38 UTC,600,Search & Destroy,Hacienda,Splyce,Aqua,W,6,6,1,5,6,,,1525,,1065,,0,,,,,,,,,,,,,,,,,6,0,0,,,,,,,,,,0,,,,,,,,,,,
1.00E+00,pool-B-5,2019-05-03 16:22:38 UTC,600,Search & Destroy,Hacienda,Splyce,Temp,W,6,11,3,8,3.67,,,1250,,1758,,0,,,,,,,,,,,,,,,,,6,0,0,,,,,,,,,,0,,,,,,,,,,,
1.00E+00,pool-B-5,2019-05-03 16:22:38 UTC,600,Search & Destroy,Hacienda,Splyce,Jurd,W,6,8,1,7,8,,,1175,,1299,,0,,,,,,,,,,,,,,,,,6,0,0,,,,,,,,,,0,,,,,,,,,,,
1.00E+00,pool-B-5,2019-05-03 16:22:38 UTC,600,Search & Destroy,Hacienda,Splyce,Accuracy,W,6,4,4,0,1,,,500,,1189,,0,,,,,,,,,,,,,,,,,6,0,0,,,,,,,,,,0,,,,,,,,,,,
1.00E+00,pool-B-5,2019-05-03 16:22:38 UTC,600,Search & Destroy,Hacienda,Splyce,Loony,W,6,1,2,-1,0.5,,,400,,442,,0,,,,,,,,,,,,,,,,,6,0,0,,,,,,,,,,0,,,,,,,,,,,
1.00E+00,pool-B-5,2019-05-03 16:22:38 UTC,600,Search & Destroy,Hacienda,Denial,Bance,L,0,4,6,-2,0.67,,,825,,1100,,0,,,,,,,,,,,,,,,,,6,0,0,,,,,,,,,,0,,,,,,,,,,,
1.00E+00,pool-B-5,2019-05-03 16:22:38 UTC,600,Search & Destroy,Hacienda,Denial,Rated,L,0,2,6,-4,0.33,,,450,,1214,,0,,,,,,,,,,,,,,,,,6,0,0,,,,,,,,,,0,,,,,,,,,,,
1.00E+00,pool-B-5,2019-05-03 16:22:38 UTC,600,Search & Destroy,Hacienda,Denial,Alex,L,0,3,6,-3,0.5,,,315,,547,,0,,,,,,,,,,,,,,,,,6,0,0,,,,,,,,,,0,,,,,,,,,,,
1.00E+00,pool-B-5,2019-05-03 16:22:38 UTC,600,Search & Destroy,Hacienda,Denial,Brack,L,0,1,6,-5,0.17,,,100,,374,,0,,,,,,,,,,,,,,,,,6,0,0,,,,,,,,,,0,,,,,,,,,,,
1.00E+00,pool-B-5,2019-05-03 16:22:38 UTC,600,Search & Destroy,Hacienda,Denial,Joee,L,0,1,6,-5,0.17,,,100,,114,,0,,,,,,,,,,,,,,,,,6,0,0,,,,,,,,,,0,,,,,,,,,,,
2.00E+00,pool-C-1,2019-05-03 16:22:38 UTC,492,Hardpoint,Gridlock,Team Envy,Fero,W,250,23,18,5,1.28,,,4040,,4809,,0,,,,,,,,,,,,,,,,,0,0,0,,,,,,,,,,0,,,,,,,,,,,
2.00E+00,pool-C-1,2019-05-03 16:22:38 UTC,492,Hardpoint,Gridlock,Team Envy,Decemate,W,250,29,15,14,1.93,,,3990,,5417,,0,,,,,,,,,,,,,,,,,0,0,0,,,,,,,,,,0,,,,,,,,,,,
2.00E+00,pool-C-1,2019-05-03 16:22:38 UTC,492,Hardpoint,Gridlock,Team Envy,Silly,W,250,19,15,4,1.27,,,3470,,3732,,0,,,,,,,,,,,,,,,,,0,0,0,,,,,,,,,,0,,,,,,,,,,,
2.00E+00,pool-C-1,2019-05-03 16:22:38 UTC,492,Hardpoint,Gridlock,Team Envy,Aches,W,250,23,15,8,1.53,,,3450,,4779,,0,,,,,,,,,,,,,,,,,0,0,0,,,,,,,,,,0,,,,,,,,,,,
2.00E+00,pool-C-1,2019-05-03 16:22:38 UTC,492,Hardpoint,Gridlock,Team Envy,Huke,W,250,24,20,4,1.2,,,3410,,4100,,0,,,,,,,,,,,,,,,,,0,0,0,,,,,,,,,,0,,,,,,,,,,,
2.00E+00,pool-C-1,2019-05-03 16:22:38 UTC,492,Hardpoint,Gridlock,eUnited,Simp,L,151,22,22,0,1,,,3030,,4510,,0,,,,,,,,,,,,,,,,,0,0,0,,,,,,,,,,0,,,,,,,,,,,
2.00E+00,pool-C-1,2019-05-03 16:22:38 UTC,492,Hardpoint,Gridlock,eUnited,Arcitys,L,151,23,18,5,1.28,,,3005,,4471,,0,,,,,,,,,,,,,,,,,0,0,0,,,,,,,,,,0,,,,,,,,,,,
2.00E+00,pool-C-1,2019-05-03 16:22:38 UTC,492,Hardpoint,Gridlock,eUnited,Abezy,L,151,20,27,-7,0.74,,,2515,,4394,,0,,,,,,,,,,,,,,,,,0,0,0,,,,,,,,,,0,,,,,,,,,,,
2.00E+00,pool-C-1,2019-05-03 16:22:38 UTC,492,Hardpoint,Gridlock,eUnited,Prestinni,L,151,10,26,-16,0.38,,,1860,,3370,,0,,,,,,,,,,,,,,,,,0,0,0,,,,,,,,,,0,,,,,,,,,,,
2.00E+00,pool-C-1,2019-05-03 16:22:38 UTC,492,Hardpoint,Gridlock,eUnited,Clayster,L,151,8,25,-17,0.32,,,1665,,2203,,0,,,,,,,,,,,,,,,,,0,0,0,,,,,,,,,,0,,,,,,,,,,,
3.00E+00,pool-B-5,2019-05-03 16:22:38 UTC,1178,Control,Gridlock,Splyce,Temp,W,3,47,26,21,1.81,,,6425,,9584,,0,,,,,,,,,,,,,,,,,0,0,0,,,,,,,,,,5,,,,,,,,,,,
3.00E+00,pool-B-5,2019-05-03 16:22:38 UTC,1178,Control,Gridlock,Splyce,Jurd,W,3,19,27,-8,0.7,,,4125,,4263,,0,,,,,,,,,,,,,,,,,0,0,0,,,,,,,,,,5,,,,,,,,,,,
3.00E+00,pool-B-5,2019-05-03 16:22:38 UTC,1178,Control,Gridlock,Splyce,Aqua,W,3,24,26,-2,0.92,,,4045,,5606,,0,,,,,,,,,,,,,,,,,0,0,0,,,,,,,,,,5,,,,,,,,,,,
3.00E+00,pool-B-5,2019-05-03 16:22:38 UTC,1178,Control,Gridlock,Splyce,Loony,W,3,22,24,-2,0.92,,,3570,,4702,,0,,,,,,,,,,,,,,,,,0,0,0,,,,,,,,,,5,,,,,,,,,,,
3.00E+00,pool-B-5,2019-05-03 16:22:38 UTC,1178,Control,Gridlock,Splyce,Accuracy,W,3,14,24,-10,0.58,,,3560,,5069,,0,,,,,,,,,,,,,,,,,0,0,0,,,,,,,,,,5,,,,,,,,,,,
3.00E+00,pool-B-5,2019-05-03 16:22:38 UTC,1178,Control,Gridlock,Denial,Bance,L,2,34,23,11,1.48,,,4545,,6224,,0,,,,,,,,,,,,,,,,,0,0,0,,,,,,,,,,5,,,,,,,,,,,
3.00E+00,pool-B-5,2019-05-03 16:22:38 UTC,1178,Control,Gridlock,Denial,Brack,L,2,32,24,8,1.33,,,4525,,6880,,0,,,,,,,,,,,,,,,,,0,0,0,,,,,,,,,,5,,,,,,,,,,,
3.00E+00,pool-B-5,2019-05-03 16:22:38 UTC,1178,Control,Gridlock,Denial,Rated,L,2,18,25,-7,0.72,,,3935,,5722,,0,,,,,,,,,,,,,,,,,0,0,0,,,,,,,,,,5,,,,,,,,,,,
3.00E+00,pool-B-5,2019-05-03 16:22:38 UTC,1178,Control,Gridlock,Denial,Alex,L,2,18,24,-6,0.75,,,3740,,6681,,0,,,,,,,,,,,,,,,,,0,0,0,,,,,,,,,,5,,,,,,,,,,,
3.00E+00,pool-B-5,2019-05-03 16:22:38 UTC,1178,Control,Gridlock,Denial,Joee,L,2,24,29,-5,0.83,,,3175,,4219,,0,,,,,,,,,,,,,,,,,0,0,0,,,,,,,,,,5,,,,,,,,,,,
4.00E+00,pool-C-1,2019-05-03 16:22:38 UTC,600,Search & Destroy,Hacienda,Team Envy,Fero,W,6,10,6,4,1.67,,,,,,,0,,,,,,,,,,,,,,,,,11,0,0,,,,,,,,,,0,,,,,,,,,,,
4.00E+00,pool-C-1,2019-05-03 16:22:38 UTC,600,Search & Destroy,Hacienda,Team Envy,Decemate,W,6,6,7,-1,0.86,,,,,,,0,,,,,,,,,,,,,,,,,11,0,0,,,,,,,,,,0,,,,,,,,,,,
4.00E+00,pool-C-1,2019-05-03 16:22:38 UTC,600,Search & Destroy,Hacienda,Team Envy,Silly,W,6,9,6,3,1.5,,,,,,,0,,,,,,,,,,,,,,,,,11,0,0,,,,,,,,,,0,,,,,,,,,,,
4.00E+00,pool-C-1,2019-05-03 16:22:38 UTC,600,Search & Destroy,Hacienda,Team Envy,Aches,W,6,8,11,-3,0.73,,,,,,,0,,,,,,,,,,,,,,,,,11,0,0,,,,,,,,,,0,,,,,,,,,,,
4.00E+00,pool-C-1,2019-05-03 16:22:38 UTC,600,Search & Destroy,Hacienda,Team Envy,Huke,W,6,8,8,0,1,,,,,,,0,,,,,,,,,,,,,,,,,11,0,0,,,,,,,,,,0,,,,,,,,,,,
4.00E+00,pool-C-1,2019-05-03 16:22:38 UTC,600,Search & Destroy,Hacienda,eUnited,Simp,L,5,8,8,0,1,,,,,,,0,,,,,,,,,,,,,,,,,11,0,0,,,,,,,,,,0,,,,,,,,,,,
4.00E+00,pool-C-1,2019-05-03 16:22:38 UTC,600,Search & Destroy,Hacienda,eUnited,Arcitys,L,5,8,9,-1,0.89,,,,,,,0,,,,,,,,,,,,,,,,,11,0,0,,,,,,,,,,0,,,,,,,,,,,
4.00E+00,pool-C-1,2019-05-03 16:22:38 UTC,600,Search & Destroy,Hacienda,eUnited,Abezy,L,5,11,8,3,1.38,,,,,,,0,,,,,,,,,,,,,,,,,11,0,0,,,,,,,,,,0,,,,,,,,,,,
4.00E+00,pool-C-1,2019-05-03 16:22:38 UTC,600,Search & Destroy,Hacienda,eUnited,Prestinni,L,5,4,8,-4,0.5,,,,,,,0,,,,,,,,,,,,,,,,,11,0,0,,,,,,,,,,0,,,,,,,,,,,
4.00E+00,pool-C-1,2019-05-03 16:22:38 UTC,600,Search & Destroy,Hacienda,eUnited,Clayster,L,5,6,8,-2,0.75,,,,,,,0,,,,,,,,,,,,,,,,,11,0,0,,,,,,,,,,0,,,,,,,,,,,
5.00E+00,pool-C-1,2019-05-03 16:22:38 UTC,546,Control,Gridlock,eUnited,Simp,W,3,17,12,5,1.42,,,2275,,3307,,0,,,,,,,,,,,,,,,,,0,0,0,,,,,,,,,,3,,,,,,,,,,,
5.00E+00,pool-C-1,2019-05-03 16:22:38 UTC,546,Control,Gridlock,eUnited,Arcitys,W,3,20,7,13,2.86,,,3175,,3476,,0,,,,,,,,,,,,,,,,,0,0,0,,,,,,,,,,3,,,,,,,,,,,
5.00E+00,pool-C-1,2019-05-03 16:22:38 UTC,546,Control,Gridlock,eUnited,Abezy,W,3,22,14,8,1.57,,,3275,,4107,,0,,,,,,,,,,,,,,,,,0,0,0,,,,,,,,,,3,,,,,,,,,,,
5.00E+00,pool-C-1,2019-05-03 16:22:38 UTC,546,Control,Gridlock,eUnited,Prestinni,W,3,11,13,-2,0.85,,,2290,,2839,,0,,,,,,,,,,,,,,,,,0,0,0,,,,,,,,,,3,,,,,,,,,,,
5.00E+00,pool-C-1,2019-05-03 16:22:38 UTC,546,Control,Gridlock,eUnited,Clayster,W,3,14,14,0,1,,,2240,,3254,,0,,,,,,,,,,,,,,,,,0,0,0,,,,,,,,,,3,,,,,,,,,,,
5.00E+00,pool-C-1,2019-05-03 16:22:38 UTC,546,Control,Gridlock,Team Envy,Fero,L,0,10,18,-8,0.56,,,1780,,3036,,0,,,,,,,,,,,,,,,,,0,0,0,,,,,,,,,,3,,,,,,,,,,,
5.00E+00,pool-C-1,2019-05-03 16:22:38 UTC,546,Control,Gridlock,Team Envy,Decemate,L,0,10,15,-5,0.67,,,1200,,1815,,0,,,,,,,,,,,,,,,,,0,0,0,,,,,,,,,,3,,,,,,,,,,,
5.00E+00,pool-C-1,2019-05-03 16:22:38 UTC,546,Control,Gridlock,Team Envy,Silly,L,0,16,18,-2,0.89,,,2225,,3002,,0,,,,,,,,,,,,,,,,,0,0,0,,,,,,,,,,3,,,,,,,,,,,
5.00E+00,pool-C-1,2019-05-03 16:22:38 UTC,546,Control,Gridlock,Team Envy,Aches,L,0,6,18,-12,0.33,,,1200,,2728,,0,,,,,,,,,,,,,,,,,0,0,0,,,,,,,,,,3,,,,,,,,,,,
5.00E+00,pool-C-1,2019-05-03 16:22:38 UTC,546,Control,Gridlock,Team Envy,Huke,L,0,18,15,3,1.2,,,2800,,3479,,0,,,,,,,,,,,,,,,,,0,0,0,,,,,,,,,,3,,,,,,,,,,,
6.00E+00,pool-C-1,2019-05-03 16:22:38 UTC,544,Hardpoint,Frequency,Team Envy,Silly,W,250,21,10,11,2.1,,,4270,,4294,,0,,,,,,,,,,,,,,,,,0,0,0,,,,,,,,,,0,,,,,,,,,,,
6.00E+00,pool-C-1,2019-05-03 16:22:38 UTC,544,Hardpoint,Frequency,Team Envy,Fero,W,250,25,16,9,1.56,,,3915,,4928,,0,,,,,,,,,,,,,,,,,0,0,0,,,,,,,,,,0,,,,,,,,,,,
6.00E+00,pool-C-1,2019-05-03 16:22:38 UTC,544,Hardpoint,Frequency,Team Envy,Huke,W,250,23,22,1,1.05,,,3600,,5273,,0,,,,,,,,,,,,,,,,,0,0,0,,,,,,,,,,0,,,,,,,,,,,
6.00E+00,pool-C-1,2019-05-03 16:22:38 UTC,544,Hardpoint,Frequency,Team Envy,Aches,W,250,20,21,-1,0.95,,,3175,,3807,,0,,,,,,,,,,,,,,,,,0,0,0,,,,,,,,,,0,,,,,,,,,,,
6.00E+00,pool-C-1,2019-05-03 16:22:38 UTC,544,Hardpoint,Frequency,Team Envy,Decemate,W,250,22,19,3,1.16,,,2815,,4812,,0,,,,,,,,,,,,,,,,,0,0,0,,,,,,,,,,0,,,,,,,,,,,
6.00E+00,pool-C-1,2019-05-03 16:22:38 UTC,544,Hardpoint,Frequency,eUnited,Arcitys,L,151,21,22,-1,0.95,,,4015,,4190,,0,,,,,,,,,,,,,,,,,0,0,0,,,,,,,,,,0,,,,,,,,,,,
6.00E+00,pool-C-1,2019-05-03 16:22:38 UTC,544,Hardpoint,Frequency,eUnited,Simp,L,151,25,22,3,1.14,,,3995,,4371,,0,,,,,,,,,,,,,,,,,0,0,0,,,,,,,,,,0,,,,,,,,,,,
6.00E+00,pool-C-1,2019-05-03 16:22:38 UTC,544,Hardpoint,Frequency,eUnited,Clayster,L,151,21,23,-2,0.91,,,3005,,4608,,0,,,,,,,,,,,,,,,,,0,0,0,,,,,,,,,,0,,,,,,,,,,,
6.00E+00,pool-C-1,2019-05-03 16:22:38 UTC,544,Hardpoint,Frequency,eUnited,Prestinni,L,151,17,20,-3,0.85,,,2455,,3567,,0,,,,,,,,,,,,,,,,,0,0,0,,,,,,,,,,0,,,,,,,,,,,
6.00E+00,pool-C-1,2019-05-03 16:22:38 UTC,544,Hardpoint,Frequency,eUnited,Abezy,L,151,12,25,-13,0.48,,,2210,,3489,,0,,,,,,,,,,,,,,,,,0,0,0,,,,,,,,,,0,,,,,,,,,,,
7.00E+00,pool-A-2,2019-05-03 16:22:38 UTC,535,Hardpoint,Frequency,100 Thieves,Octane,W,250,23,17,6,1.35,,,4320,,4946,,0,,,,,,,,,,,,,,,,,0,0,0,,,,,,,,,,0,,,,,,,,,,,
7.00E+00,pool-A-2,2019-05-03 16:22:38 UTC,535,Hardpoint,Frequency,100 Thieves,Kenny,W,250,29,22,7,1.32,,,4215,,5840,,0,,,,,,,,,,,,,,,,,0,0,0,,,,,,,,,,0,,,,,,,,,,,
7.00E+00,pool-A-2,2019-05-03 16:22:38 UTC,535,Hardpoint,Frequency,100 Thieves,Slasher,W,250,31,22,9,1.41,,,4110,,5849,,0,,,,,,,,,,,,,,,,,0,0,0,,,,,,,,,,0,,,,,,,,,,,
7.00E+00,pool-A-2,2019-05-03 16:22:38 UTC,535,Hardpoint,Frequency,100 Thieves,Priestahh,W,250,27,17,10,1.59,,,3165,,5017,,0,,,,,,,,,,,,,,,,,0,0,0,,,,,,,,,,0,,,,,,,,,,,
7.00E+00,pool-A-2,2019-05-03 16:22:38 UTC,535,Hardpoint,Frequency,100 Thieves,Enable,W,250,19,17,2,1.12,,,2970,,4148,,0,,,,,,,,,,,,,,,,,0,0,0,,,,,,,,,,0,,,,,,,,,,,
7.00E+00,pool-A-2,2019-05-03 16:22:38 UTC,535,Hardpoint,Frequency,Reciprocity,Dylan,L,138,21,24,-3,0.88,,,3085,,3701,,0,,,,,,,,,,,,,,,,,0,0,0,,,,,,,,,,0,,,,,,,,,,,
7.00E+00,pool-A-2,2019-05-03 16:22:38 UTC,535,Hardpoint,Frequency,Reciprocity,Tommey,L,138,20,27,-7,0.74,,,2830,,4833,,0,,,,,,,,,,,,,,,,,0,0,0,,,,,,,,,,0,,,,,,,,,,,
7.00E+00,pool-A-2,2019-05-03 16:22:38 UTC,535,Hardpoint,Frequency,Reciprocity,Seany,L,138,19,24,-5,0.79,,,2640,,4471,,0,,,,,,,,,,,,,,,,,0,0,0,,,,,,,,,,0,,,,,,,,,,,
7.00E+00,pool-A-2,2019-05-03 16:22:38 UTC,535,Hardpoint,Frequency,Reciprocity,Zed,L,138,17,29,-12,0.59,,,2590,,4294,,0,,,,,,,,,,,,,,,,,0,0,0,,,,,,,,,,0,,,,,,,,,,,
7.00E+00,pool-A-2,2019-05-03 16:22:38 UTC,535,Hardpoint,Frequency,Reciprocity,Wuskin,L,138,17,25,-8,0.68,,,2400,,4700,,0,,,,,,,,,,,,,,,,,0,0,0,,,,,,,,,,0,,,,,,,,,,,
8.00E+00,pool-A-2,2019-05-03 16:22:38 UTC,600,Search & Destroy,Frequency,100 Thieves,Octane,W,6,5,6,-1,0.83,,,800,,2048,,0,,,,,,,,,,,,,,,,,10,0,0,,,,,,,,,,0,,,,,,,,,,,
8.00E+00,pool-A-2,2019-05-03 16:22:38 UTC,600,Search & Destroy,Frequency,100 Thieves,Kenny,W,6,11,7,4,1.57,,,1525,,2312,,0,,,,,,,,,,,,,,,,,10,0,0,,,,,,,,,,0,,,,,,,,,,,
8.00E+00,pool-A-2,2019-05-03 16:22:38 UTC,600,Search & Destroy,Frequency,100 Thieves,Slasher,W,6,5,7,-2,0.71,,,750,,1481,,0,,,,,,,,,,,,,,,,,10,0,0,,,,,,,,,,0,,,,,,,,,,,
8.00E+00,pool-A-2,2019-05-03 16:22:38 UTC,600,Search & Destroy,Frequency,100 Thieves,Priestahh,W,6,8,7,1,1.14,,,1225,,2018,,0,,,,,,,,,,,,,,,,,10,0,0,,,,,,,,,,0,,,,,,,,,,,
8.00E+00,pool-A-2,2019-05-03 16:22:38 UTC,600,Search & Destroy,Frequency,100 Thieves,Enable,W,6,10,7,3,1.43,,,1225,,1380,,0,,,,,,,,,,,,,,,,,10,0,0,,,,,,,,,,0,,,,,,,,,,,
8.00E+00,pool-A-2,2019-05-03 16:22:38 UTC,600,Search & Destroy,Frequency,Reciprocity,Dylan,L,4,8,8,0,1,,,1200,,1873,,0,,,,,,,,,,,,,,,,,10,0,0,,,,,,,,,,0,,,,,,,,,,,
8.00E+00,pool-A-2,2019-05-03 16:22:38 UTC,600,Search & Destroy,Frequency,Reciprocity,Tommey,L,4,2,9,-7,0.22,,,225,,860,,0,,,,,,,,,,,,,,,,,10,0,0,,,,,,,,,,0,,,,,,,,,,,
8.00E+00,pool-A-2,2019-05-03 16:22:38 UTC,600,Search & Destroy,Frequency,Reciprocity,Seany,L,4,8,8,0,1,,,1025,,1865,,0,,,,,,,,,,,,,,,,,10,0,0,,,,,,,,,,0,,,,,,,,,,,
8.00E+00,pool-A-2,2019-05-03 16:22:38 UTC,600,Search & Destroy,Frequency,Reciprocity,Zed,L,4,8,8,0,1,,,1250,,1677,,0,,,,,,,,,,,,,,,,,10,0,0,,,,,,,,,,0,,,,,,,,,,,
8.00E+00,pool-A-2,2019-05-03 16:22:38 UTC,600,Search & Destroy,Frequency,Reciprocity,Wuskin,L,4,8,6,2,1.33,,,1325,,1757,,0,,,,,,,,,,,,,,,,,10,0,0,,,,,,,,,,0,,,,,,,,,,,
1.00E+01,pool-A-2,2019-05-03 16:22:38 UTC,656,Control,Arsenal,Reciprocity,Wuskin,W,3,19,14,5,1.36,,,2910,,3346,,0,,,,,,,,,,,,,,,,,0,0,0,,,,,,,,,,3,,,,,,,,,,,
1.00E+01,pool-A-2,2019-05-03 16:22:38 UTC,656,Control,Arsenal,Reciprocity,Seany,W,3,19,14,5,1.36,,,2820,,3639,,0,,,,,,,,,,,,,,,,,0,0,0,,,,,,,,,,3,,,,,,,,,,,
1.00E+01,pool-A-2,2019-05-03 16:22:38 UTC,656,Control,Arsenal,Reciprocity,Tommey,W,3,17,17,0,1,,,2725,,4084,,0,,,,,,,,,,,,,,,,,0,0,0,,,,,,,,,,3,,,,,,,,,,,
1.00E+01,pool-A-2,2019-05-03 16:22:38 UTC,656,Control,Arsenal,Reciprocity,Zed,W,3,18,18,0,1,,,2225,,3462,,0,,,,,,,,,,,,,,,,,0,0,0,,,,,,,,,,3,,,,,,,,,,,
1.00E+01,pool-A-2,2019-05-03 16:22:38 UTC,656,Control,Arsenal,Reciprocity,Dylan,W,3,15,16,-1,0.94,,,1850,,2910,,0,,,,,,,,,,,,,,,,,0,0,0,,,,,,,,,,3,,,,,,,,,,,
1.00E+01,pool-A-2,2019-05-03 16:22:38 UTC,656,Control,Arsenal,100 Thieves,Priestahh,L,0,23,17,6,1.35,,,3100,,3676,,0,,,,,,,,,,,,,,,,,0,0,0,,,,,,,,,,3,,,,,,,,,,,
1.00E+01,pool-A-2,2019-05-03 16:22:38 UTC,656,Control,Arsenal,100 Thieves,Enable,L,0,14,16,-2,0.88,,,2470,,2769,,0,,,,,,,,,,,,,,,,,0,0,0,,,,,,,,,,3,,,,,,,,,,,
1.00E+01,pool-A-2,2019-05-03 16:22:38 UTC,656,Control,Arsenal,100 Thieves,Kenny,L,0,17,22,-5,0.77,,,2365,,3649,,0,,,,,,,,,,,,,,,,,0,0,0,,,,,,,,,,3,,,,,,,,,,,
1.00E+01,pool-A-2,2019-05-03 16:22:38 UTC,656,Control,Arsenal,100 Thieves,Octane,L,0,11,15,-4,0.73,,,2275,,3376,,0,,,,,,,,,,,,,,,,,0,0,0,,,,,,,,,,3,,,,,,,,,,,
1.00E+01,pool-A-2,2019-05-03 16:22:38 UTC,656,Control,Arsenal,100 Thieves,Slasher,L,0,14,18,-4,0.78,,,2025,,3753,,0,,,,,,,,,,,,,,,,,0,0,0,,,,,,,,,,3,,,,,,,,,,,
1.10E+01,pool-C-5,2019-05-03 16:22:38 UTC,597,Hardpoint,Seaside,FaZe Clan,Skrapz,W,250,30,15,15,2,,,4730,,5347,,0,,,,,,,,,,,,,,,,,0,0,0,,,,,,,,,,0,,,,,,,,,,,
1.10E+01,pool-C-5,2019-05-03 16:22:38 UTC,597,Hardpoint,Seaside,FaZe Clan,Cellium,W,250,20,18,2,1.11,,,3200,,4207,,0,,,,,,,,,,,,,,,,,0,0,0,,,,,,,,,,0,,,,,,,,,,,
1.10E+01,pool-C-5,2019-05-03 16:22:38 UTC,597,Hardpoint,Seaside,FaZe Clan,Zoomaa,W,250,21,17,4,1.24,,,3080,,3879,,0,,,,,,,,,,,,,,,,,0,0,0,,,,,,,,,,0,,,,,,,,,,,
1.10E+01,pool-C-5,2019-05-03 16:22:38 UTC,597,Hardpoint,Seaside,FaZe Clan,Asim,W,250,17,19,-2,0.89,,,2545,,3755,,0,,,,,,,,,,,,,,,,,0,0,0,,,,,,,,,,0,,,,,,,,,,,
1.10E+01,pool-C-5,2019-05-03 16:22:38 UTC,597,Hardpoint,Seaside,FaZe Clan,Zer0,W,250,18,20,-2,0.9,,,2520,,3291,,0,,,,,,,,,,,,,,,,,0,0,0,,,,,,,,,,0,,,,,,,,,,,
1.10E+01,pool-C-5,2019-05-03 16:22:38 UTC,597,Hardpoint,Seaside,Evil Geniuses,Apathy,L,160,22,24,-2,0.92,,,3100,,3903,,0,,,,,,,,,,,,,,,,,0,0,0,,,,,,,,,,0,,,,,,,,,,,
1.10E+01,pool-C-5,2019-05-03 16:22:38 UTC,597,Hardpoint,Seaside,Evil Geniuses,Xotic,L,160,19,19,0,1,,,2690,,3019,,0,,,,,,,,,,,,,,,,,0,0,0,,,,,,,,,,0,,,,,,,,,,,
1.10E+01,pool-C-5,2019-05-03 16:22:38 UTC,597,Hardpoint,Seaside,Evil Geniuses,Attach,L,160,16,23,-7,0.7,,,2665,,4043,,0,,,,,,,,,,,,,,,,,0,0,0,,,,,,,,,,0,,,,,,,,,,,
1.10E+01,pool-C-5,2019-05-03 16:22:38 UTC,597,Hardpoint,Seaside,Evil Geniuses,JKap,L,160,17,18,-1,0.94,,,1560,,3017,,0,,,,,,,,,,,,,,,,,0,0,0,,,,,,,,,,0,,,,,,,,,,,
1.10E+01,pool-C-5,2019-05-03 16:22:38 UTC,597,Hardpoint,Seaside,Evil Geniuses,Phantomz,L,160,15,22,-7,0.68,,,2135,,3704,,0,,,,,,,,,,,,,,,,,0,0,0,,,,,,,,,,0,,,,,,,,,,,
1.20E+01,pool-C-5,2019-05-03 16:22:38 UTC,600,Search & Destroy,Gridlock,FaZe Clan,Skrapz,L,0,1,6,-5,0.17,,,100,,506,,0,,,,,,,,,,,,,,,,,6,0,0,,,,,,,,,,0,,,,,,,,,,,
1.20E+01,pool-C-5,2019-05-03 16:22:38 UTC,600,Search & Destroy,Gridlock,FaZe Clan,Asim,L,0,1,5,-4,0.2,,,200,,380,,0,,,,,,,,,,,,,,,,,6,0,0,,,,,,,,,,0,,,,,,,,,,,
1.20E+01,pool-C-5,2019-05-03 16:22:38 UTC,600,Search & Destroy,Gridlock,FaZe Clan,Zer0,L,0,4,5,-1,0.8,,,550,,1140,,0,,,,,,,,,,,,,,,,,6,0,0,,,,,,,,,,0,,,,,,,,,,,
1.20E+01,pool-C-5,2019-05-03 16:22:38 UTC,600,Search & Destroy,Gridlock,FaZe Clan,Cellium,L,0,3,6,-3,0.5,,,325,,679,,0,,,,,,,,,,,,,,,,,6,0,0,,,,,,,,,,0,,,,,,,,,,,
1.20E+01,pool-C-5,2019-05-03 16:22:38 UTC,600,Search & Destroy,Gridlock,FaZe Clan,Zoomaa,L,0,5,6,-1,0.83,,,500,,964,,0,,,,,,,,,,,,,,,,,6,0,0,,,,,,,,,,0,,,,,,,,,,,
1.20E+01,pool-C-5,2019-05-03 16:22:38 UTC,600,Search & Destroy,Gridlock,Evil Geniuses,JKap,W,6,4,1,3,4,,,1065,,944,,0,,,,,,,,,,,,,,,,,6,0,0,,,,,,,,,,0,,,,,,,,,,,
1.20E+01,pool-C-5,2019-05-03 16:22:38 UTC,600,Search & Destroy,Gridlock,Evil Geniuses,Apathy,W,6,5,3,2,1.67,,,650,,749,,0,,,,,,,,,,,,,,,,,6,0,0,,,,,,,,,,0,,,,,,,,,,,
1.20E+01,pool-C-5,2019-05-03 16:22:38 UTC,600,Search & Destroy,Gridlock,Evil Geniuses,Xotic,W,6,5,3,2,1.67,,,990,,1005,,0,,,,,,,,,,,,,,,,,6,0,0,,,,,,,,,,0,,,,,,,,,,,
1.20E+01,pool-C-5,2019-05-03 16:22:38 UTC,600,Search & Destroy,Gridlock,Evil Geniuses,Phantomz,W,6,9,2,7,4.5,,,1375,,1869,,0,,,,,,,,,,,,,,,,,6,0,0,,,,,,,,,,0,,,,,,,,,,,
1.20E+01,pool-C-5,2019-05-03 16:22:38 UTC,600,Search & Destroy,Gridlock,Evil Geniuses,Attach,W,6,3,5,-2,0.6,,,350,,587,,0,,,,,,,,,,,,,,,,,6,0,0,,,,,,,,,,0,,,,,,,,,,,
1.30E+01,pool-C-5,2019-05-03 16:22:38 UTC,609,Control,Gridlock,FaZe Clan,Skrapz,W,3,22,8,14,2.75,,,3510,,3793,,0,,,,,,,,,,,,,,,,,0,0,0,,,,,,,,,,3,,,,,,,,,,,
1.30E+01,pool-C-5,2019-05-03 16:22:38 UTC,609,Control,Gridlock,FaZe Clan,Asim,W,3,19,14,5,1.36,,,3025,,3158,,0,,,,,,,,,,,,,,,,,0,0,0,,,,,,,,,,3,,,,,,,,,,,
1.30E+01,pool-C-5,2019-05-03 16:22:38 UTC,609,Control,Gridlock,FaZe Clan,Zer0,W,3,16,11,5,1.45,,,2750,,3371,,0,,,,,,,,,,,,,,,,,0,0,0,,,,,,,,,,3,,,,,,,,,,,
1.30E+01,pool-C-5,2019-05-03 16:22:38 UTC,609,Control,Gridlock,FaZe Clan,Cellium,W,3,10,12,-2,0.83,,,2550,,2607,,0,,,,,,,,,,,,,,,,,0,0,0,,,,,,,,,,3,,,,,,,,,,,
1.30E+01,pool-C-5,2019-05-03 16:22:38 UTC,609,Control,Gridlock,FaZe Clan,Zoomaa,W,3,16,17,-1,0.94,,,2350,,3695,,0,,,,,,,,,,,,,,,,,0,0,0,,,,,,,,,,3,,,,,,,,,,,
1.30E+01,pool-C-5,2019-05-03 16:22:38 UTC,609,Control,Gridlock,Evil Geniuses,Apathy,L,0,22,19,3,1.16,,,2700,,4150,,0,,,,,,,,,,,,,,,,,0,0,0,,,,,,,,,,3,,,,,,,,,,,
1.30E+01,pool-C-5,2019-05-03 16:22:38 UTC,609,Control,Gridlock,Evil Geniuses,Xotic,L,0,14,18,-4,0.78,,,2050,,3160,,0,,,,,,,,,,,,,,,,,0,0,0,,,,,,,,,,3,,,,,,,,,,,
1.30E+01,pool-C-5,2019-05-03 16:22:38 UTC,609,Control,Gridlock,Evil Geniuses,Attach,L,0,11,15,-4,0.73,,,1950,,2580,,0,,,,,,,,,,,,,,,,,0,0,0,,,,,,,,,,3,,,,,,,,,,,
1.30E+01,pool-C-5,2019-05-03 16:22:38 UTC,609,Control,Gridlock,Evil Geniuses,JKap,L,0,8,17,-9,0.47,,,1395,,2040,,0,,,,,,,,,,,,,,,,,0,0,0,,,,,,,,,,3,,,,,,,,,,,
1.30E+01,pool-C-5,2019-05-03 16:22:38 UTC,609,Control,Gridlock,Evil Geniuses,Phantomz,L,0,7,14,-7,0.5,,,1200,,2270,,0,,,,,,,,,,,,,,,,,0,0,0,,,,,,,,,,3,,,,,,,,,,,
1.40E+01,pool-A-2,2019-05-03 16:22:38 UTC,508,Hardpoint,Gridlock,100 Thieves,Priestahh,W,250,32,19,13,1.68,,,4050,,4914,,0,,,,,,,,,,,,,,,,,0,0,0,,,,,,,,,,0,,,,,,,,,,,
1.40E+01,pool-A-2,2019-05-03 16:22:38 UTC,508,Hardpoint,Gridlock,100 Thieves,Octane,W,250,22,11,11,2,,,3960,,4566,,0,,,,,,,,,,,,,,,,,0,0,0,,,,,,,,,,0,,,,,,,,,,,
1.40E+01,pool-A-2,2019-05-03 16:22:38 UTC,508,Hardpoint,Gridlock,100 Thieves,Slasher,W,250,19,19,0,1,,,3165,,4569,,0,,,,,,,,,,,,,,,,,0,0,0,,,,,,,,,,0,,,,,,,,,,,
1.40E+01,pool-A-2,2019-05-03 16:22:38 UTC,508,Hardpoint,Gridlock,100 Thieves,Kenny,W,250,20,15,5,1.33,,,3070,,4610,,0,,,,,,,,,,,,,,,,,0,0,0,,,,,,,,,,0,,,,,,,,,,,
1.40E+01,pool-A-2,2019-05-03 16:22:38 UTC,508,Hardpoint,Gridlock,100 Thieves,Enable,W,250,19,16,3,1.19,,,3030,,3988,,0,,,,,,,,,,,,,,,,,0,0,0,,,,,,,,,,0,,,,,,,,,,,
1.40E+01,pool-A-2,2019-05-03 16:22:38 UTC,508,Hardpoint,Gridlock,Reciprocity,Tommey,L,115,21,20,1,1.05,,,3025,,3975,,0,,,,,,,,,,,,,,,,,0,0,0,,,,,,,,,,0,,,,,,,,,,,
1.40E+01,pool-A-2,2019-05-03 16:22:38 UTC,508,Hardpoint,Gridlock,Reciprocity,Dylan,L,115,16,21,-5,0.76,,,2590,,4360,,0,,,,,,,,,,,,,,,,,0,0,0,,,,,,,,,,0,,,,,,,,,,,
1.40E+01,pool-A-2,2019-05-03 16:22:38 UTC,508,Hardpoint,Gridlock,Reciprocity,Zed,L,115,19,21,-2,0.9,,,2295,,4455,,0,,,,,,,,,,,,,,,,,0,0,0,,,,,,,,,,0,,,,,,,,,,,
1.40E+01,pool-A-2,2019-05-03 16:22:38 UTC,508,Hardpoint,Gridlock,Reciprocity,Seany,L,115,11,26,-15,0.42,,,1790,,3672,,0,,,,,,,,,,,,,,,,,0,0,0,,,,,,,,,,0,,,,,,,,,,,
1.40E+01,pool-A-2,2019-05-03 16:22:38 UTC,508,Hardpoint,Gridlock,Reciprocity,Wuskin,L,115,13,24,-11,0.54,,,1490,,3013,,0,,,,,,,,,,,,,,,,,0,0,0,,,,,,,,,,0,,,,,,,,,,,
1.50E+01,pool-C-5,2019-05-03 16:22:38 UTC,650,Hardpoint,Gridlock,Evil Geniuses,Apathy,W,250,25,19,6,1.32,,,,,,,0,,,,,,,,,,,,,,,,,0,0,0,,,,,,,,,,0,,,,,,,,,,,
1.50E+01,pool-C-5,2019-05-03 16:22:38 UTC,650,Hardpoint,Gridlock,Evil Geniuses,Xotic,W,250,16,19,-3,0.84,,,,,,,0,,,,,,,,,,,,,,,,,0,0,0,,,,,,,,,,0,,,,,,,,,,,
1.50E+01,pool-C-5,2019-05-03 16:22:38 UTC,650,Hardpoint,Gridlock,Evil Geniuses,Attach,W,250,19,20,-1,0.95,,,,,,,0,,,,,,,,,,,,,,,,,0,0,0,,,,,,,,,,0,,,,,,,,,,,
1.50E+01,pool-C-5,2019-05-03 16:22:38 UTC,650,Hardpoint,Gridlock,Evil Geniuses,JKap,W,250,20,25,-5,0.8,,,,,,,0,,,,,,,,,,,,,,,,,0,0,0,,,,,,,,,,0,,,,,,,,,,,
1.50E+01,pool-C-5,2019-05-03 16:22:38 UTC,650,Hardpoint,Gridlock,Evil Geniuses,Phantomz,W,250,23,17,6,1.35,,,,,,,0,,,,,,,,,,,,,,,,,0,0,0,,,,,,,,,,0,,,,,,,,,,,
1.50E+01,pool-C-5,2019-05-03 16:22:38 UTC,650,Hardpoint,Gridlock,FaZe Clan,Skrapz,L,226,20,20,0,1,,,,,,,0,,,,,,,,,,,,,,,,,0,0,0,,,,,,,,,,0,,,,,,,,,,,
1.50E+01,pool-C-5,2019-05-03 16:22:38 UTC,650,Hardpoint,Gridlock,FaZe Clan,Asim,L,226,14,22,-8,0.64,,,,,,,0,,,,,,,,,,,,,,,,,0,0,0,,,,,,,,,,0,,,,,,,,,,,
1.50E+01,pool-C-5,2019-05-03 16:22:38 UTC,650,Hardpoint,Gridlock,FaZe Clan,Zer0,L,226,15,20,-5,0.75,,,,,,,0,,,,,,,,,,,,,,,,,0,0,0,,,,,,,,,,0,,,,,,,,,,,
1.50E+01,pool-C-5,2019-05-03 16:22:38 UTC,650,Hardpoint,Gridlock,FaZe Clan,Cellium,L,226,22,19,3,1.16,,,,,,,0,,,,,,,,,,,,,,,,,0,0,0,,,,,,,,,,0,,,,,,,,,,,
1.50E+01,pool-C-5,2019-05-03 16:22:38 UTC,650,Hardpoint,Gridlock,FaZe Clan,Zoomaa,L,226,28,22,6,1.27,,,,,,,0,,,,,,,,,,,,,,,,,0,0,0,,,,,,,,,,0,,,,,,,,,,,
1.60E+01,pool-C-5,2019-05-03 16:22:38 UTC,600,Search & Destroy,Hacienda,FaZe Clan,Skrapz,W,6,12,2,10,6,,,1650,,2085,,0,,,,,,,,,,,,,,,,,7,0,0,,,,,,,,,,0,,,,,,,,,,,
1.60E+01,pool-C-5,2019-05-03 16:22:38 UTC,600,Search & Destroy,Hacienda,FaZe Clan,Cellium,W,6,5,6,-1,0.83,,,825,,735,,0,,,,,,,,,,,,,,,,,7,0,0,,,,,,,,,,0,,,,,,,,,,,
1.60E+01,pool-C-5,2019-05-03 16:22:38 UTC,600,Search & Destroy,Hacienda,FaZe Clan,Asim,W,6,4,7,-3,0.57,,,705,,1021,,0,,,,,,,,,,,,,,,,,7,0,0,,,,,,,,,,0,,,,,,,,,,,
1.60E+01,pool-C-5,2019-05-03 16:22:38 UTC,600,Search & Destroy,Hacienda,FaZe Clan,Zer0,W,6,5,5,0,1,,,675,,1574,,0,,,,,,,,,,,,,,,,,7,0,0,,,,,,,,,,0,,,,,,,,,,,
1.60E+01,pool-C-5,2019-05-03 16:22:38 UTC,600,Search & Destroy,Hacienda,FaZe Clan,Zoomaa,W,6,5,4,1,1.25,,,615,,981,,0,,,,,,,,,,,,,,,,,7,0,0,,,,,,,,,,0,,,,,,,,,,,
1.60E+01,pool-C-5,2019-05-03 16:22:38 UTC,600,Search & Destroy,Hacienda,Evil Geniuses,Phantomz,L,1,7,6,1,1.17,,,750,,1505,,0,,,,,,,,,,,,,,,,,7,0,0,,,,,,,,,,0,,,,,,,,,,,
1.60E+01,pool-C-5,2019-05-03 16:22:38 UTC,600,Search & Destroy,Hacienda,Evil Geniuses,JKap,L,1,4,6,-2,0.67,,,665,,1085,,0,,,,,,,,,,,,,,,,,7,0,0,,,,,,,,,,0,,,,,,,,,,,
1.60E+01,pool-C-5,2019-05-03 16:22:38 UTC,600,Search & Destroy,Hacienda,Evil Geniuses,Xotic,L,1,3,6,-3,0.5,,,650,,639,,0,,,,,,,,,,,,,,,,,7,0,0,,,,,,,,,,0,,,,,,,,,,,
1.60E+01,pool-C-5,2019-05-03 16:22:38 UTC,600,Search & Destroy,Hacienda,Evil Geniuses,Attach,L,1,5,6,-1,0.83,,,550,,1094,,0,,,,,,,,,,,,,,,,,7,0,0,,,,,,,,,,0,,,,,,,,,,,
1.60E+01,pool-C-5,2019-05-03 16:22:38 UTC,600,Search & Destroy,Hacienda,Evil Geniuses,Apathy,L,1,5,7,-2,0.71,,,525,,1310,,0,,,,,,,,,,,,,,,,,7,0,0,,,,,,,,,,0,,,,,,,,,,,
1.70E+01,pool-C-0,2019-05-03 16:22:38 UTC,501,Hardpoint,Gridlock,eUnited,Simp,W,250,23,14,9,1.64,,,4005,,4615,,0,,,,,,,,,,,,,,,,,0,0,0,,,,,,,,,,0,,,,,,,,,,,
1.70E+01,pool-C-0,2019-05-03 16:22:38 UTC,501,Hardpoint,Gridlock,eUnited,Abezy,W,250,21,16,5,1.31,,,3310,,3848,,0,,,,,,,,,,,,,,,,,0,0,0,,,,,,,,,,0,,,,,,,,,,,
1.70E+01,pool-C-0,2019-05-03 16:22:38 UTC,501,Hardpoint,Gridlock,eUnited,Prestinni,W,250,21,12,9,1.75,,,2610,,3814,,0,,,,,,,,,,,,,,,,,0,0,0,,,,,,,,,,0,,,,,,,,,,,
1.70E+01,pool-C-0,2019-05-03 16:22:38 UTC,501,Hardpoint,Gridlock,eUnited,Clayster,W,250,14,18,-4,0.78,,,2460,,3956,,0,,,,,,,,,,,,,,,,,0,0,0,,,,,,,,,,0,,,,,,,,,,,
1.70E+01,pool-C-0,2019-05-03 16:22:38 UTC,501,Hardpoint,Gridlock,eUnited,Arcitys,W,250,13,9,4,1.44,,,2155,,2892,,0,,,,,,,,,,,,,,,,,0,0,0,,,,,,,,,,0,,,,,,,,,,,
1.70E+01,pool-C-0,2019-05-03 16:22:38 UTC,501,Hardpoint,Gridlock,FaZe Clan,Asim,L,121,19,17,2,1.12,,,2915,,4522,,0,,,,,,,,,,,,,,,,,0,0,0,,,,,,,,,,0,,,,,,,,,,,
1.70E+01,pool-C-0,2019-05-03 16:22:38 UTC,501,Hardpoint,Gridlock,FaZe Clan,Cellium,L,121,17,19,-2,0.89,,,2560,,3423,,0,,,,,,,,,,,,,,,,,0,0,0,,,,,,,,,,0,,,,,,,,,,,
1.70E+01,pool-C-0,2019-05-03 16:22:38 UTC,501,Hardpoint,Gridlock,FaZe Clan,Zer0,L,121,12,17,-5,0.71,,,2220,,2985,,0,,,,,,,,,,,,,,,,,0,0,0,,,,,,,,,,0,,,,,,,,,,,
1.70E+01,pool-C-0,2019-05-03 16:22:38 UTC,501,Hardpoint,Gridlock,FaZe Clan,Zoomaa,L,121,10,20,-10,0.5,,,1625,,2910,,0,,,,,,,,,,,,,,,,,0,0,0,,,,,,,,,,0,,,,,,,,,,,
1.70E+01,pool-C-0,2019-05-03 16:22:38 UTC,501,Hardpoint,Gridlock,FaZe Clan,Skrapz,L,121,11,19,-8,0.58,,,1525,,3366,,0,,,,,,,,,,,,,,,,,0,0,0,,,,,,,,,,0,,,,,,,,,,,
1.80E+01,pool-C-0,2019-05-03 16:22:38 UTC,600,Search & Destroy,Hacienda,eUnited,Simp,W,6,14,4,10,3.5,,,2160,,2470,,0,,,,,,,,,,,,,,,,,9,0,0,,,,,,,,,,0,,,,,,,,,,,
1.80E+01,pool-C-0,2019-05-03 16:22:38 UTC,600,Search & Destroy,Hacienda,eUnited,Arcitys,W,6,5,5,0,1,,,1080,,1174,,0,,,,,,,,,,,,,,,,,9,0,0,,,,,,,,,,0,,,,,,,,,,,
1.80E+01,pool-C-0,2019-05-03 16:22:38 UTC,600,Search & Destroy,Hacienda,eUnited,Clayster,W,6,6,7,-1,0.86,,,1075,,1355,,0,,,,,,,,,,,,,,,,,9,0,0,,,,,,,,,,0,,,,,,,,,,,
1.80E+01,pool-C-0,2019-05-03 16:22:38 UTC,600,Search & Destroy,Hacienda,eUnited,Abezy,W,6,9,7,2,1.29,,,970,,1728,,0,,,,,,,,,,,,,,,,,9,0,0,,,,,,,,,,0,,,,,,,,,,,
1.80E+01,pool-C-0,2019-05-03 16:22:38 UTC,600,Search & Destroy,Hacienda,eUnited,Prestinni,W,6,5,8,-3,0.63,,,700,,1051,,0,,,,,,,,,,,,,,,,,9,0,0,,,,,,,,,,0,,,,,,,,,,,
1.80E+01,pool-C-0,2019-05-03 16:22:38 UTC,600,Search & Destroy,Hacienda,FaZe Clan,Cellium,L,3,7,7,0,1,,,1150,,1601,,0,,,,,,,,,,,,,,,,,9,0,0,,,,,,,,,,0,,,,,,,,,,,
1.80E+01,pool-C-0,2019-05-03 16:22:38 UTC,600,Search & Destroy,Hacienda,FaZe Clan,Zoomaa,L,3,7,8,-1,0.88,,,1025,,1339,,0,,,,,,,,,,,,,,,,,9,0,0,,,,,,,,,,0,,,,,,,,,,,
1.80E+01,pool-C-0,2019-05-03 16:22:38 UTC,600,Search & Destroy,Hacienda,FaZe Clan,Skrapz,L,3,8,8,0,1,,,900,,1533,,0,,,,,,,,,,,,,,,,,9,0,0,,,,,,,,,,0,,,,,,,,,,,
1.80E+01,pool-C-0,2019-05-03 16:22:38 UTC,600,Search & Destroy,Hacienda,FaZe Clan,Asim,L,3,5,9,-4,0.56,,,690,,1169,,0,,,,,,,,,,,,,,,,,9,0,0,,,,,,,,,,0,,,,,,,,,,,
1.80E+01,pool-C-0,2019-05-03 16:22:38 UTC,600,Search & Destroy,Hacienda,FaZe Clan,Zer0,L,3,4,7,-3,0.57,,,675,,1051,,0,,,,,,,,,,,,,,,,,9,0,0,,,,,,,,,,0,,,,,,,,,,,
1.90E+01,pool-C-0,2019-05-03 16:22:38 UTC,765,Control,Gridlock,FaZe Clan,Cellium,W,3,25,15,10,1.67,,,4050,,4285,,0,,,,,,,,,,,,,,,,,0,0,0,,,,,,,,,,4,,,,,,,,,,,
1.90E+01,pool-C-0,2019-05-03 16:22:38 UTC,765,Control,Gridlock,FaZe Clan,Zoomaa,W,3,24,17,7,1.41,,,3915,,5100,,0,,,,,,,,,,,,,,,,,0,0,0,,,,,,,,,,4,,,,,,,,,,,
1.90E+01,pool-C-0,2019-05-03 16:22:38 UTC,765,Control,Gridlock,FaZe Clan,Zer0,W,3,21,15,6,1.4,,,3565,,4607,,0,,,,,,,,,,,,,,,,,0,0,0,,,,,,,,,,4,,,,,,,,,,,
1.90E+01,pool-C-0,2019-05-03 16:22:38 UTC,765,Control,Gridlock,FaZe Clan,Skrapz,W,3,19,20,-1,0.95,,,3250,,4598,,0,,,,,,,,,,,,,,,,,0,0,0,,,,,,,,,,4,,,,,,,,,,,
1.90E+01,pool-C-0,2019-05-03 16:22:38 UTC,765,Control,Gridlock,FaZe Clan,Asim,W,3,16,19,-3,0.84,,,2825,,3633,,0,,,,,,,,,,,,,,,,,0,0,0,,,,,,,,,,4,,,,,,,,,,,
1.90E+01,pool-C-0,2019-05-03 16:22:38 UTC,765,Control,Gridlock,eUnited,Prestinni,L,1,23,21,2,1.1,,,3320,,4848,,0,,,,,,,,,,,,,,,,,0,0,0,,,,,,,,,,4,,,,,,,,,,,
1.90E+01,pool-C-0,2019-05-03 16:22:38 UTC,765,Control,Gridlock,eUnited,Simp,L,1,19,18,1,1.06,,,2875,,3767,,0,,,,,,,,,,,,,,,,,0,0,0,,,,,,,,,,4,,,,,,,,,,,
1.90E+01,pool-C-0,2019-05-03 16:22:38 UTC,765,Control,Gridlock,eUnited,Abezy,L,1,17,23,-6,0.74,,,2575,,4076,,0,,,,,,,,,,,,,,,,,0,0,0,,,,,,,,,,4,,,,,,,,,,,
1.90E+01,pool-C-0,2019-05-03 16:22:38 UTC,765,Control,Gridlock,eUnited,Clayster,L,1,14,23,-9,0.61,,,1990,,3309,,0,,,,,,,,,,,,,,,,,0,0,0,,,,,,,,,,4,,,,,,,,,,,
1.90E+01,pool-C-0,2019-05-03 16:22:38 UTC,765,Control,Gridlock,eUnited,Arcitys,L,1,13,20,-7,0.65,,,1975,,4046,,0,,,,,,,,,,,,,,,,,0,0,0,,,,,,,,,,4,,,,,,,,,,,
2.00E+01,pool-C-0,2019-05-03 16:22:38 UTC,482,Hardpoint,Seaside,FaZe Clan,Cellium,W,250,25,10,15,2.5,,,4180,,4252,,0,,,,,,,,,,,,,,,,,0,0,0,,,,,,,,,,0,,,,,,,,,,,
2.00E+01,pool-C-0,2019-05-03 16:22:38 UTC,482,Hardpoint,Seaside,FaZe Clan,Skrapz,W,250,25,12,13,2.08,,,3830,,4307,,0,,,,,,,,,,,,,,,,,0,0,0,,,,,,,,,,0,,,,,,,,,,,
2.00E+01,pool-C-0,2019-05-03 16:22:38 UTC,482,Hardpoint,Seaside,FaZe Clan,Zer0,W,250,24,16,8,1.5,,,3725,,4501,,0,,,,,,,,,,,,,,,,,0,0,0,,,,,,,,,,0,,,,,,,,,,,
2.00E+01,pool-C-0,2019-05-03 16:22:38 UTC,482,Hardpoint,Seaside,FaZe Clan,Asim,W,250,20,12,8,1.67,,,2925,,3817,,0,,,,,,,,,,,,,,,,,0,0,0,,,,,,,,,,0,,,,,,,,,,,
2.00E+01,pool-C-0,2019-05-03 16:22:38 UTC,482,Hardpoint,Seaside,FaZe Clan,Zoomaa,W,250,12,16,-4,0.75,,,2020,,3180,,0,,,,,,,,,,,,,,,,,0,0,0,,,,,,,,,,0,,,,,,,,,,,
2.00E+01,pool-C-0,2019-05-03 16:22:38 UTC,482,Hardpoint,Seaside,eUnited,Clayster,L,119,15,23,-8,0.65,,,2615,,2618,,0,,,,,,,,,,,,,,,,,0,0,0,,,,,,,,,,0,,,,,,,,,,,
2.00E+01,pool-C-0,2019-05-03 16:22:38 UTC,482,Hardpoint,Seaside,eUnited,Arcitys,L,119,14,19,-5,0.74,,,2525,,3335,,0,,,,,,,,,,,,,,,,,0,0,0,,,,,,,,,,0,,,,,,,,,,,
2.00E+01,pool-C-0,2019-05-03 16:22:38 UTC,482,Hardpoint,Seaside,eUnited,Simp,L,119,15,17,-2,0.88,,,2120,,3602,,0,,,,,,,,,,,,,,,,,0,0,0,,,,,,,,,,0,,,,,,,,,,,
2.00E+01,pool-C-0,2019-05-03 16:22:38 UTC,482,Hardpoint,Seaside,eUnited,Prestinni,L,119,14,23,-9,0.61,,,2055,,3304,,0,,,,,,,,,,,,,,,,,0,0,0,,,,,,,,,,0,,,,,,,,,,,
2.00E+01,pool-C-0,2019-05-03 16:22:38 UTC,482,Hardpoint,Seaside,eUnited,Abezy,L,119,8,24,-16,0.33,,,1215,,2475,,0,,,,,,,,,,,,,,,,,0,0,0,,,,,,,,,,0,,,,,,,,,,,
2.10E+01,pool-B-1,2019-05-03 16:22:38 UTC,504,Hardpoint,Seaside,Luminosity,Formal,L,135,18,18,0,1,,,2915,,3683,,0,,,,,,,,,,,,,,,,,0,0,0,,,,,,,,,,0,,,,,,,,,,,
2.10E+01,pool-B-1,2019-05-03 16:22:38 UTC,504,Hardpoint,Seaside,Luminosity,Gunless,L,135,18,19,-1,0.95,,,2430,,4438,,0,,,,,,,,,,,,,,,,,0,0,0,,,,,,,,,,0,,,,,,,,,,,
2.10E+01,pool-B-1,2019-05-03 16:22:38 UTC,504,Hardpoint,Seaside,Luminosity,John,L,135,15,20,-5,0.75,,,2370,,3085,,0,,,,,,,,,,,,,,,,,0,0,0,,,,,,,,,,0,,,,,,,,,,,
2.10E+01,pool-B-1,2019-05-03 16:22:38 UTC,504,Hardpoint,Seaside,Luminosity,Classic,L,135,18,20,-2,0.9,,,2175,,4197,,0,,,,,,,,,,,,,,,,,0,0,0,,,,,,,,,,0,,,,,,,,,,,
2.10E+01,pool-B-1,2019-05-03 16:22:38 UTC,504,Hardpoint,Seaside,Luminosity,Slacked,L,135,15,21,-6,0.71,,,1865,,3205,,0,,,,,,,,,,,,,,,,,0,0,0,,,,,,,,,,0,,,,,,,,,,,
2.10E+01,pool-B-1,2019-05-03 16:22:38 UTC,504,Hardpoint,Seaside,Gen.G,Maux,W,250,31,13,18,2.38,,,3550,,4860,,0,,,,,,,,,,,,,,,,,0,0,0,,,,,,,,,,0,,,,,,,,,,,
2.10E+01,pool-B-1,2019-05-03 16:22:38 UTC,504,Hardpoint,Seaside,Gen.G,Nagafen,W,250,17,15,2,1.13,,,3355,,3527,,0,,,,,,,,,,,,,,,,,0,0,0,,,,,,,,,,0,,,,,,,,,,,
2.10E+01,pool-B-1,2019-05-03 16:22:38 UTC,504,Hardpoint,Seaside,Gen.G,MajorManiak,W,250,16,17,-1,0.94,,,3000,,3752,,0,,,,,,,,,,,,,,,,,0,0,0,,,,,,,,,,0,,,,,,,,,,,
2.10E+01,pool-B-1,2019-05-03 16:22:38 UTC,504,Hardpoint,Seaside,Gen.G,Envoy,W,250,18,21,-3,0.86,,,3620,,4019,,0,,,,,,,,,,,,,,,,,0,0,0,,,,,,,,,,0,,,,,,,,,,,
2.10E+01,pool-B-1,2019-05-03 16:22:38 UTC,504,Hardpoint,Seaside,Gen.G,Havok,W,250,16,18,-2,0.89,,,2550,,3684,,0,,,,,,,,,,,,,,,,,0,0,0,,,,,,,,,,0,,,,,,,,,,,
22,pool-B-1,2019-05-03 16:22:38 UTC,1000,Search & Destroy,Gridlock,Luminosity,Formal,L,5,10,11,-1,0.91,,,1125,,2098,,0,,,,,,,,,,,,,,,,,11,0,0,,,,,,,,,,0,,,,,,,,,,,
22,pool-B-1,2019-05-03 16:22:38 UTC,1000,Search & Destroy,Gridlock,Luminosity,Gunless,L,5,17,6,11,2.83,,,2510,,3216,,0,,,,,,,,,,,,,,,,,11,0,0,,,,,,,,,,0,,,,,,,,,,,
22,pool-B-1,2019-05-03 16:22:38 UTC,1000,Search & Destroy,Gridlock,Luminosity,John,L,5,6,10,-4,0.6,,,725,,1574,,0,,,,,,,,,,,,,,,,,11,0,0,,,,,,,,,,0,,,,,,,,,,,
22,pool-B-1,2019-05-03 16:22:38 UTC,1000,Search & Destroy,Gridlock,Luminosity,Classic,L,5,3,9,-6,0.33,,,790,,1557,,0,,,,,,,,,,,,,,,,,11,0,0,,,,,,,,,,0,,,,,,,,,,,
22,pool-B-1,2019-05-03 16:22:38 UTC,1000,Search & Destroy,Gridlock,Luminosity,Slacked,L,5,6,9,-3,0.67,,,775,,1499,,0,,,,,,,,,,,,,,,,,11,0,0,,,,,,,,,,0,,,,,,,,,,,
22,pool-B-1,2019-05-03 16:22:38 UTC,1000,Search & Destroy,Gridlock,Gen.G,Maux,W,6,7,8,-1,0.88,,,1050,,1885,,0,,,,,,,,,,,,,,,,,11,0,0,,,,,,,,,,0,,,,,,,,,,,
22,pool-B-1,2019-05-03 16:22:38 UTC,1000,Search & Destroy,Gridlock,Gen.G,Nagafen,W,6,5,8,-3,0.63,,,800,,1624,,0,,,,,,,,,,,,,,,,,11,0,0,,,,,,,,,,0,,,,,,,,,,,
22,pool-B-1,2019-05-03 16:22:38 UTC,1000,Search & Destroy,Gridlock,Gen.G,MajorManiak,W,6,10,8,2,1.25,,,1350,,2242,,0,,,,,,,,,,,,,,,,,11,0,0,,,,,,,,,,0,,,,,,,,,,,
22,pool-B-1,2019-05-03 16:22:38 UTC,1000,Search & Destroy,Gridlock,Gen.G,Envoy,W,6,14,8,6,1.75,,,1875,,2579,,0,,,,,,,,,,,,,,,,,11,0,0,,,,,,,,,,0,,,,,,,,,,,
22,pool-B-1,2019-05-03 16:22:38 UTC,1000,Search & Destroy,Gridlock,Gen.G,Havok,W,6,10,10,0,1,,,940,,2109,,0,,,,,,,,,,,,,,,,,11,0,0,,,,,,,,,,0,,,,,,,,,,,
23,pool-B-1,2019-05-03 16:22:38 UTC,660,Control,Arsenal,Luminosity,Formal,L,0,19,17,2,1.12,,,2625,,3563,,0,,,,,,,,,,,,,,,,,0,0,0,,,,,,,,,,3,,,,,,,,,,,
23,pool-B-1,2019-05-03 16:22:38 UTC,660,Control,Arsenal,Luminosity,Gunless,L,0,19,16,3,1.19,,,2875,,4546,,0,,,,,,,,,,,,,,,,,0,0,0,,,,,,,,,,3,,,,,,,,,,,
23,pool-B-1,2019-05-03 16:22:38 UTC,660,Control,Arsenal,Luminosity,John,L,0,16,14,2,1.14,,,2480,,3507,,0,,,,,,,,,,,,,,,,,0,0,0,,,,,,,,,,3,,,,,,,,,,,
23,pool-B-1,2019-05-03 16:22:38 UTC,660,Control,Arsenal,Luminosity,Classic,L,0,11,21,-10,0.52,,,1375,,2835,,0,,,,,,,,,,,,,,,,,0,0,0,,,,,,,,,,3,,,,,,,,,,,
23,pool-B-1,2019-05-03 16:22:38 UTC,660,Control,Arsenal,Luminosity,Slacked,L,0,11,19,-8,0.58,,,1650,,3390,,0,,,,,,,,,,,,,,,,,0,0,0,,,,,,,,,,3,,,,,,,,,,,
23,pool-B-1,2019-05-03 16:22:38 UTC,660,Control,Arsenal,Gen.G,Maux,W,3,18,13,5,1.38,,,3210,,3738,,0,,,,,,,,,,,,,,,,,0,0,0,,,,,,,,,,3,,,,,,,,,,,
23,pool-B-1,2019-05-03 16:22:38 UTC,660,Control,Arsenal,Gen.G,Nagafen,W,3,14,14,0,1,,,2705,,3118,,0,,,,,,,,,,,,,,,,,0,0,0,,,,,,,,,,3,,,,,,,,,,,
23,pool-B-1,2019-05-03 16:22:38 UTC,660,Control,Arsenal,Gen.G,MajorManiak,W,3,15,14,1,1.07,,,3225,,3612,,0,,,,,,,,,,,,,,,,,0,0,0,,,,,,,,,,3,,,,,,,,,,,
23,pool-B-1,2019-05-03 16:22:38 UTC,660,Control,Arsenal,Gen.G,Envoy,W,3,21,20,1,1.05,,,2800,,4774,,0,,,,,,,,,,,,,,,,,0,0,0,,,,,,,,,,3,,,,,,,,,,,
23,pool-B-1,2019-05-03 16:22:38 UTC,660,Control,Arsenal,Gen.G,Havok,W,3,20,15,5,1.33,,,3575,,4331,,0,,,,,,,,,,,,,,,,,0,0,0,,,,,,,,,,3,,,,,,,,,,,
24,pool-D-4,2019-05-03 16:22:38 UTC,625,Hardpoint,Hacienda,UYU,Parzelion,L,176,20,24,-4,0.83,,,3185,,4884,,0,,,,,,,,,,,,,,,,,0,0,0,,,,,,,,,,0,,,,,,,,,,,
24,pool-D-4,2019-05-03 16:22:38 UTC,625,Hardpoint,Hacienda,UYU,Royalty,L,176,23,27,-4,0.85,,,3460,,5377,,0,,,,,,,,,,,,,,,,,0,0,0,,,,,,,,,,0,,,,,,,,,,,
24,pool-D-4,2019-05-03 16:22:38 UTC,625,Hardpoint,Hacienda,UYU,Proto,L,176,15,24,-9,0.63,,,2525,,3385,,0,,,,,,,,,,,,,,,,,0,0,0,,,,,,,,,,0,,,,,,,,,,,
24,pool-D-4,2019-05-03 16:22:38 UTC,625,Hardpoint,Hacienda,UYU,Mayhem,L,176,17,25,-8,0.68,,,2850,,4147,,0,,,,,,,,,,,,,,,,,0,0,0,,,,,,,,,,0,,,,,,,,,,,
24,pool-D-4,2019-05-03 16:22:38 UTC,625,Hardpoint,Hacienda,UYU,Methodz,L,176,26,23,3,1.13,,,3245,,5183,,0,,,,,,,,,,,,,,,,,0,0,0,,,,,,,,,,0,,,,,,,,,,,
24,pool-D-4,2019-05-03 16:22:38 UTC,625,Hardpoint,Hacienda,Heretics,Mettalz,W,250,20,21,-1,0.95,,,3095,,4462,,0,,,,,,,,,,,,,,,,,0,0,0,,,,,,,,,,0,,,,,,,,,,,
24,pool-D-4,2019-05-03 16:22:38 UTC,625,Hardpoint,Hacienda,Heretics,Sukry,W,250,22,20,2,1.1,,,3575,,4488,,0,,,,,,,,,,,,,,,,,0,0,0,,,,,,,,,,0,,,,,,,,,,,
24,pool-D-4,2019-05-03 16:22:38 UTC,625,Hardpoint,Hacienda,Heretics,MethodZsick,W,250,28,21,7,1.33,,,3970,,5409,,0,,,,,,,,,,,,,,,,,0,0,0,,,,,,,,,,0,,,,,,,,,,,
24,pool-D-4,2019-05-03 16:22:38 UTC,625,Hardpoint,Hacienda,Heretics,JurNii,W,250,29,19,10,1.53,,,4170,,5821,,0,,,,,,,,,,,,,,,,,0,0,0,,,,,,,,,,0,,,,,,,,,,,
24,pool-D-4,2019-05-03 16:22:38 UTC,625,Hardpoint,Hacienda,Heretics,Lucky,W,250,24,20,4,1.2,,,4100,,5531,,0,,,,,,,,,,,,,,,,,0,0,0,,,,,,,,,,0,,,,,,,,,,,
25,pool-D-4,2019-05-03 16:22:38 UTC,1000,Search & Destroy,Gridlock,UYU,Parzelion,L,5,,,0,#DIV/0!,,,,,,,0,,,,,,,,,,,,,,,,,11,0,0,,,,,,,,,,0,,,,,,,,,,,
25,pool-D-4,2019-05-03 16:22:38 UTC,1000,Search & Destroy,Gridlock,UYU,Royalty,L,5,,,0,#DIV/0!,,,,,,,0,,,,,,,,,,,,,,,,,11,0,0,,,,,,,,,,0,,,,,,,,,,,
25,pool-D-4,2019-05-03 16:22:38 UTC,1000,Search & Destroy,Gridlock,UYU,Proto,L,5,,,0,#DIV/0!,,,,,,,0,,,,,,,,,,,,,,,,,11,0,0,,,,,,,,,,0,,,,,,,,,,,
25,pool-D-4,2019-05-03 16:22:38 UTC,1000,Search & Destroy,Gridlock,UYU,Mayhem,L,5,,,0,#DIV/0!,,,,,,,0,,,,,,,,,,,,,,,,,11,0,0,,,,,,,,,,0,,,,,,,,,,,
25,pool-D-4,2019-05-03 16:22:38 UTC,1000,Search & Destroy,Gridlock,UYU,Methodz,L,5,,,0,#DIV/0!,,,,,,,0,,,,,,,,,,,,,,,,,11,0,0,,,,,,,,,,0,,,,,,,,,,,
25,pool-D-4,2019-05-03 16:22:38 UTC,1000,Search & Destroy,Gridlock,Heretics,Mettalz,W,6,,,0,#DIV/0!,,,,,,,0,,,,,,,,,,,,,,,,,11,0,0,,,,,,,,,,0,,,,,,,,,,,
25,pool-D-4,2019-05-03 16:22:38 UTC,1000,Search & Destroy,Gridlock,Heretics,Sukry,W,6,,,0,#DIV/0!,,,,,,,0,,,,,,,,,,,,,,,,,11,0,0,,,,,,,,,,0,,,,,,,,,,,
25,pool-D-4,2019-05-03 16:22:38 UTC,1000,Search & Destroy,Gridlock,Heretics,MethodZsick,W,6,,,0,#DIV/0!,,,,,,,0,,,,,,,,,,,,,,,,,11,0,0,,,,,,,,,,0,,,,,,,,,,,
25,pool-D-4,2019-05-03 16:22:38 UTC,1000,Search & Destroy,Gridlock,Heretics,JurNii,W,6,,,0,#DIV/0!,,,,,,,0,,,,,,,,,,,,,,,,,11,0,0,,,,,,,,,,0,,,,,,,,,,,
25,pool-D-4,2019-05-03 16:22:38 UTC,1000,Search & Destroy,Gridlock,Heretics,Lucky,W,6,,,0,#DIV/0!,,,,,,,0,,,,,,,,,,,,,,,,,11,0,0,,,,,,,,,,0,,,,,,,,,,,
26,pool-A-4,2019-05-03 16:22:38 UTC,727,Hardpoint,Hacienda,Enigma6,GodRx,L,188,30,39,-9,0.77,,,4340,,5818,,0,,,,,,,,,,,,,,,,,0,0,0,,,,,,,,,,0,,,,,,,,,,,
26,pool-A-4,2019-05-03 16:22:38 UTC,727,Hardpoint,Hacienda,Enigma6,Frosty,L,188,22,37,-15,0.59,,,3555,,5401,,0,,,,,,,,,,,,,,,,,0,0,0,,,,,,,,,,0,,,,,,,,,,,
26,pool-A-4,2019-05-03 16:22:38 UTC,727,Hardpoint,Hacienda,Enigma6,Kismet,L,188,30,31,-1,0.97,,,4595,,5992,,0,,,,,,,,,,,,,,,,,0,0,0,,,,,,,,,,0,,,,,,,,,,,
26,pool-A-4,2019-05-03 16:22:38 UTC,727,Hardpoint,Hacienda,Enigma6,Jetli,L,188,34,34,0,1,,,5065,,5600,,0,,,,,,,,,,,,,,,,,0,0,0,,,,,,,,,,0,,,,,,,,,,,
26,pool-A-4,2019-05-03 16:22:38 UTC,727,Hardpoint,Hacienda,Enigma6,General,L,188,22,28,-6,0.79,,,4125,,4709,,0,,,,,,,,,,,,,,,,,0,0,0,,,,,,,,,,0,,,,,,,,,,,
26,pool-A-4,2019-05-03 16:22:38 UTC,727,Hardpoint,Hacienda,OpTic Gaming,Dashy,W,250,44,20,24,2.2,,,5910,,7548,,0,,,,,,,,,,,,,,,,,0,0,0,,,,,,,,,,0,,,,,,,,,,,
26,pool-A-4,2019-05-03 16:22:38 UTC,727,Hardpoint,Hacienda,OpTic Gaming,Crimsix,W,250,32,30,2,1.07,,,4335,,7151,,0,,,,,,,,,,,,,,,,,0,0,0,,,,,,,,,,0,,,,,,,,,,,
26,pool-A-4,2019-05-03 16:22:38 UTC,727,Hardpoint,Hacienda,OpTic Gaming,Karma,W,250,22,31,-9,0.71,,,4020,,5431,,0,,,,,,,,,,,,,,,,,0,0,0,,,,,,,,,,0,,,,,,,,,,,
26,pool-A-4,2019-05-03 16:22:38 UTC,727,Hardpoint,Hacienda,OpTic Gaming,TJHaly,W,250,23,30,-7,0.77,,,3690,,5635,,0,,,,,,,,,,,,,,,,,0,0,0,,,,,,,,,,0,,,,,,,,,,,
26,pool-A-4,2019-05-03 16:22:38 UTC,727,Hardpoint,Hacienda,OpTic Gaming,Scump,W,250,36,28,8,1.29,,,5325,,6326,,0,,,,,,,,,,,,,,,,,0,0,0,,,,,,,,,,0,,,,,,,,,,,
27,pool-A-5,2019-05-03 16:22:38 UTC,600,Search & Destroy,Arsenal,OpTic Gaming,Dashy,W,6,12,2,10,6,,,1675,,1747,,0,,,,,,,,,,,,,,,,,7,0,0,,,,,,,,,,0,,,,,,,,,,,
27,pool-A-5,2019-05-03 16:22:38 UTC,600,Search & Destroy,Arsenal,OpTic Gaming,Karma,W,6,4,4,0,1,,,450,,886,,0,,,,,,,,,,,,,,,,,7,0,0,,,,,,,,,,0,,,,,,,,,,,
27,pool-A-5,2019-05-03 16:22:38 UTC,600,Search & Destroy,Arsenal,OpTic Gaming,Scump,W,6,3,3,0,1,,,800,,1182,,0,,,,,,,,,,,,,,,,,7,0,0,,,,,,,,,,0,,,,,,,,,,,
27,pool-A-5,2019-05-03 16:22:38 UTC,600,Search & Destroy,Arsenal,OpTic Gaming,Crimsix,W,6,3,3,0,1,,,575,,1131,,0,,,,,,,,,,,,,,,,,7,0,0,,,,,,,,,,0,,,,,,,,,,,
27,pool-A-5,2019-05-03 16:22:38 UTC,600,Search & Destroy,Arsenal,OpTic Gaming,TJHaly,W,6,12,3,9,4,,,1400,,2184,,0,,,,,,,,,,,,,,,,,7,0,0,,,,,,,,,,0,,,,,,,,,,,
27,pool-A-5,2019-05-03 16:22:38 UTC,600,Search & Destroy,Arsenal,Reciprocity,Dylan,L,1,2,6,-4,0.33,,,325,,516,,0,,,,,,,,,,,,,,,,,7,0,0,,,,,,,,,,0,,,,,,,,,,,
27,pool-A-5,2019-05-03 16:22:38 UTC,600,Search & Destroy,Arsenal,Reciprocity,Seany,L,1,3,6,-3,0.5,,,500,,955,,0,,,,,,,,,,,,,,,,,7,0,0,,,,,,,,,,0,,,,,,,,,,,
27,pool-A-5,2019-05-03 16:22:38 UTC,600,Search & Destroy,Arsenal,Reciprocity,Tommey,L,1,3,7,-4,0.43,,,325,,478,,0,,,,,,,,,,,,,,,,,7,0,0,,,,,,,,,,0,,,,,,,,,,,
27,pool-A-5,2019-05-03 16:22:38 UTC,600,Search & Destroy,Arsenal,Reciprocity,Wuskin,L,1,6,7,-1,0.86,,,775,,1335,,0,,,,,,,,,,,,,,,,,7,0,0,,,,,,,,,,0,,,,,,,,,,,
27,pool-A-5,2019-05-03 16:22:38 UTC,600,Search & Destroy,Arsenal,Reciprocity,Zed,L,1,1,7,-6,0.14,,,200,,237,,0,,,,,,,,,,,,,,,,,7,0,0,,,,,,,,,,0,,,,,,,,,,,
28,pool-A-4,2019-05-03 16:22:38 UTC,1000,Search & Destroy,Arsenal,Enigma6,GodRx,W,6,4,5,-1,0.8,,,730,,1310,,0,,,,,,,,,,,,,,,,,8,0,0,,,,,,,,,,0,,,,,,,,,,,
28,pool-A-4,2019-05-03 16:22:38 UTC,1000,Search & Destroy,Arsenal,Enigma6,Frosty,W,6,5,3,2,1.67,,,725,,1032,,0,,,,,,,,,,,,,,,,,8,0,0,,,,,,,,,,0,,,,,,,,,,,
28,pool-A-4,2019-05-03 16:22:38 UTC,1000,Search & Destroy,Arsenal,Enigma6,Kismet,W,6,10,4,6,2.5,,,1515,,1324,,0,,,,,,,,,,,,,,,,,8,0,0,,,,,,,,,,0,,,,,,,,,,,
28,pool-A-4,2019-05-03 16:22:38 UTC,1000,Search & Destroy,Arsenal,Enigma6,Jetli,W,6,7,4,3,1.75,,,800,,1121,,0,,,,,,,,,,,,,,,,,8,0,0,,,,,,,,,,0,,,,,,,,,,,
28,pool-A-4,2019-05-03 16:22:38 UTC,1000,Search & Destroy,Arsenal,Enigma6,General,W,6,7,5,2,1.4,,,1025,,1992,,0,,,,,,,,,,,,,,,,,8,0,0,,,,,,,,,,0,,,,,,,,,,,
28,pool-A-4,2019-05-03 16:22:38 UTC,1000,Search & Destroy,Arsenal,OpTic Gaming,Dashy,L,2,4,7,-3,0.57,,,575,,1199,,0,,,,,,,,,,,,,,,,,8,0,0,,,,,,,,,,0,,,,,,,,,,,
28,pool-A-4,2019-05-03 16:22:38 UTC,1000,Search & Destroy,Arsenal,OpTic Gaming,Crimsix,L,2,4,7,-3,0.57,,,400,,1061,,0,,,,,,,,,,,,,,,,,8,0,0,,,,,,,,,,0,,,,,,,,,,,
28,pool-A-4,2019-05-03 16:22:38 UTC,1000,Search & Destroy,Arsenal,OpTic Gaming,Karma,L,2,6,7,-1,0.86,,,950,,1127,,0,,,,,,,,,,,,,,,,,8,0,0,,,,,,,,,,0,,,,,,,,,,,
28,pool-A-4,2019-05-03 16:22:38 UTC,1000,Search & Destroy,Arsenal,OpTic Gaming,TJHaly,L,2,3,6,-3,0.5,,,500,,720,,0,,,,,,,,,,,,,,,,,8,0,0,,,,,,,,,,0,,,,,,,,,,,
28,pool-A-4,2019-05-03 16:22:38 UTC,1000,Search & Destroy,Arsenal,OpTic Gaming,Scump,L,2,5,6,-1,0.83,,,855,,988,,0,,,,,,,,,,,,,,,,,8,0,0,,,,,,,,,,0,,,,,,,,,,,
29,pool-D-2,2019-05-03 16:22:38 UTC,540,Hardpoint,Hacienda,Midnight,LlamaGod,L,99,18,18,0,1,,,2700,,3657,,0,,,,,,,,,,,,,,,,,0,0,0,,,,,,,,,,0,,,,,,,,,,,
29,pool-D-2,2019-05-03 16:22:38 UTC,540,Hardpoint,Hacienda,Midnight,Lacefield,L,99,14,18,-4,0.78,,,2125,,3731,,0,,,,,,,,,,,,,,,,,0,0,0,,,,,,,,,,0,,,,,,,,,,,
29,pool-D-2,2019-05-03 16:22:38 UTC,540,Hardpoint,Hacienda,Midnight,Blazt,L,99,17,23,-6,0.74,,,2360,,4484,,0,,,,,,,,,,,,,,,,,0,0,0,,,,,,,,,,0,,,,,,,,,,,
29,pool-D-2,2019-05-03 16:22:38 UTC,540,Hardpoint,Hacienda,Midnight,Parasite,L,99,15,23,-8,0.65,,,1965,,3305,,0,,,,,,,,,,,,,,,,,0,0,0,,,,,,,,,,0,,,,,,,,,,,
29,pool-D-2,2019-05-03 16:22:38 UTC,540,Hardpoint,Hacienda,Midnight,Knight,L,99,7,26,-19,0.27,,,1095,,2878,,0,,,,,,,,,,,,,,,,,0,0,0,,,,,,,,,,0,,,,,,,,,,,
29,pool-D-2,2019-05-03 16:22:38 UTC,540,Hardpoint,Hacienda,Elevate,Skyz,W,250,23,12,11,1.92,,,3960,,5139,,0,,,,,,,,,,,,,,,,,0,0,0,,,,,,,,,,0,,,,,,,,,,,
29,pool-D-2,2019-05-03 16:22:38 UTC,540,Hardpoint,Hacienda,Elevate,Breszy,W,250,22,17,5,1.29,,,3620,,4504,,0,,,,,,,,,,,,,,,,,0,0,0,,,,,,,,,,0,,,,,,,,,,,
29,pool-D-2,2019-05-03 16:22:38 UTC,540,Hardpoint,Hacienda,Elevate,Profeezy,W,250,22,17,5,1.29,,,3170,,4579,,0,,,,,,,,,,,,,,,,,0,0,0,,,,,,,,,,0,,,,,,,,,,,
29,pool-D-2,2019-05-03 16:22:38 UTC,540,Hardpoint,Hacienda,Elevate,Wailers,W,250,20,10,10,2,,,2715,,3635,,0,,,,,,,,,,,,,,,,,0,0,0,,,,,,,,,,0,,,,,,,,,,,
29,pool-D-2,2019-05-03 16:22:38 UTC,540,Hardpoint,Hacienda,Elevate,MRuiz,W,250,21,15,6,1.4,,,2860,,4034,,0,,,,,,,,,,,,,,,,,0,0,0,,,,,,,,,,0,,,,,,,,,,,
30,pool-D-2,2019-05-03 16:22:38 UTC,1000,Search & Destroy,Arsenal,Midnight,LlamaGod,L,0,,,0,#DIV/0!,,,,,,,0,,,,,,,,,,,,,,,,,6,0,0,,,,,,,,,,0,,,,,,,,,,,
30,pool-D-2,2019-05-03 16:22:38 UTC,1000,Search & Destroy,Arsenal,Midnight,Lacefield,L,0,,,0,#DIV/0!,,,,,,,0,,,,,,,,,,,,,,,,,6,0,0,,,,,,,,,,0,,,,,,,,,,,
30,pool-D-2,2019-05-03 16:22:38 UTC,1000,Search & Destroy,Arsenal,Midnight,Blazt,L,0,,,0,#DIV/0!,,,,,,,0,,,,,,,,,,,,,,,,,6,0,0,,,,,,,,,,0,,,,,,,,,,,
30,pool-D-2,2019-05-03 16:22:38 UTC,1000,Search & Destroy,Arsenal,Midnight,Parasite,L,0,,,0,#DIV/0!,,,,,,,0,,,,,,,,,,,,,,,,,6,0,0,,,,,,,,,,0,,,,,,,,,,,
30,pool-D-2,2019-05-03 16:22:38 UTC,1000,Search & Destroy,Arsenal,Midnight,Knight,L,0,,,0,#DIV/0!,,,,,,,0,,,,,,,,,,,,,,,,,6,0,0,,,,,,,,,,0,,,,,,,,,,,
30,pool-D-2,2019-05-03 16:22:38 UTC,1000,Search & Destroy,Arsenal,Elevate,Skyz,W,6,,,0,#DIV/0!,,,,,,,0,,,,,,,,,,,,,,,,,6,0,0,,,,,,,,,,0,,,,,,,,,,,
30,pool-D-2,2019-05-03 16:22:38 UTC,1000,Search & Destroy,Arsenal,Elevate,Breszy,W,6,,,0,#DIV/0!,,,,,,,0,,,,,,,,,,,,,,,,,6,0,0,,,,,,,,,,0,,,,,,,,,,,
30,pool-D-2,2019-05-03 16:22:38 UTC,1000,Search & Destroy,Arsenal,Elevate,Profeezy,W,6,,,0,#DIV/0!,,,,,,,0,,,,,,,,,,,,,,,,,6,0,0,,,,,,,,,,0,,,,,,,,,,,
30,pool-D-2,2019-05-03 16:22:38 UTC,1000,Search & Destroy,Arsenal,Elevate,Wailers,W,6,,,0,#DIV/0!,,,,,,,0,,,,,,,,,,,,,,,,,6,0,0,,,,,,,,,,0,,,,,,,,,,,
30,pool-D-2,2019-05-03 16:22:38 UTC,1000,Search & Destroy,Arsenal,Elevate,MRuiz,W,6,,,0,#DIV/0!,,,,,,,0,,,,,,,,,,,,,,,,,6,0,0,,,,,,,,,,0,,,,,,,,,,,
